<?xml version="1.0"?>
<config xmlns:xsi="http://www.w3.org/2001/XMLSchema-instance" xsi:noNamespaceSchemaLocation="urn:magento:framework/Acl/etc/acl.xsd">
    <acl>
        <resources>
            <resource id="Magento_Backend::admin">
                <resource id="Hafiz_ProductPositionUpdate::elements" title="Hafiz Product Position" sortOrder="100">
                    <resource id="Hafiz_ProductPositionUpdate::config_update" title="Update Product Positions for Category" sortOrder="1" />
                </resource>
            </resource>
        </resources>
    </acl>
</config>
